<?xml version="1.0" encoding="UTF-8"?>
<project-private xmlns="http://www.netbeans.org/ns/project-private/1">
    <editor-bookmarks xmlns="http://www.netbeans.org/ns/editor-bookmarks/2" lastBookmarkId="0"/>
    <open-files xmlns="http://www.netbeans.org/ns/projectui-open-files/2">
        <group>
            <file>file:/Users/duxiao/NetBeansProjects/CitySim9002/src/CitySim9002/Visitor.java</file>
            <file>file:/Users/duxiao/NetBeansProjects/CitySim9002/src/CitySim9002/CitySim9002.java</file>
            <file>file:/Users/duxiao/NetBeansProjects/CitySim9002/src/CitySim9002/Seed.java</file>
            <file>file:/Users/duxiao/NetBeansProjects/CitySim9002/src/CitySim9002/RandomGenerator.java</file>
        </group>
    </open-files>
</project-private>
